{
    "peak_coords": [
        -21.107777088597118,
        40.78887492816665,
        18.66793030717045
    ],
    "peak_intensity": 9.528472900390625,
    "threshold": 1.4774929285049438,
    "activated_voxels": 120697
}