{
    "peak_coords": [
        2.086130667116791,
        -2.55011570999433,
        35.708291260657234
    ],
    "peak_intensity": 6.484389359684428e-06,
    "threshold": 1.2350081988188322e-06,
    "activated_voxels": 1270
}