{
    "peak_coords": [
        27.480661871372092,
        -12.155509967635794,
        27.46072832819786
    ],
    "peak_intensity": 6.691756248474121,
    "threshold": 1.3939729928970337,
    "activated_voxels": 115833
}