{
    "peak_coords": [
        0.18782458062969454,
        -21.25006874938464,
        9.38969575451
    ],
    "peak_intensity": 4.872031666991461e-08,
    "threshold": 1.8658845135632873e-08,
    "activated_voxels": 3117
}